{
    "brain":{
        "array":[
            0.04283863105171944,
            0.09611511924128248,
            0.018516806061074524,
            0.11377820233663197,
            0.17785807341484766,
            0.03919748765171485,
            0.11168917885195696,
            0.016084587491483164,
            0.028460861558737335,
            0.0881947775327588,
            0.04559136545695664,
            0.1174943801541402,
            0.054457632532777,
            0.13000646287418036,
            0.032950158690637915,
            0.008165541435540555,
            0.06399634308488006,
            0.03998169514208427,
            0.022067085479345043,
            0.1188336511385411,
            0.06526380077373756,
            0.0852497037911323,
            0.03710501125122027,
            0.049335195853023366,
            0.019352770475282697,
            0.056718561333439874,
            0.09227870631680721,
            0.04097079873413671,
            0.03395156227370767,
            0.09489343162758374,
            0.08990597277288151,
            0.03888144622252489,
            0.057160158481803905
        ],
        "labels":{
            "p03357fdbc3285a1f":0.018516806061074524,
            "p0a9650062ef6b287":0.03888144622252489,
            "p0bf3d570e5f3350d":0.03919748765171485,
            "p0efa1235d81453d8":0.04283863105171944,
            "p225cc835ad930b3b":0.057160158481803905,
            "p25066a75ce048c92":0.049335195853023366,
            "p25728be31519b600":0.056718561333439874,
            "p2727b2bd4fb6ef6b":0.028460861558737335,
            "p36921b93f40c4161":0.03710501125122027,
            "p3adb19dfff6f7898":0.06399634308488006,
            "p44489f4856976977":0.022067085479345043,
            "p48552e3cf5a7d428":0.1188336511385411,
            "p4c71bbe7d05a72ef":0.11377820233663197,
            "p5c9433861db6048e":0.04559136545695664,
            "p66b5b5e2afa23902":0.03998169514208427,
            "p76d4e9088134dc50":0.06526380077373756,
            "p7aadcd192c6b13f2":0.016084587491483164,
            "p8d944f8de99287e1":0.09611511924128248,
            "pa9238aa0a5f56f7f":0.11168917885195696,
            "padc524ddda484d04":0.1174943801541402,
            "pbf5741583ce566a5":0.03395156227370767,
            "pc00b3c65b5287be0":0.09227870631680721,
            "pc02d5774cf74a770":0.08990597277288151,
            "pc2abdb0ee2a8c5e8":0.13000646287418036,
            "pcb9c19017550a5b0":0.0852497037911323,
            "pcba779ac0ec2c700":0.17785807341484766,
            "pd28c36a66168d75d":0.019352770475282697,
            "pd3d518b425c63c44":0.09489343162758374,
            "pd95669bdd96047e4":0.032950158690637915,
            "pd9e19bca2600b2b3":0.054457632532777,
            "pe79b3fc6b2f4c642":0.008165541435540555,
            "pf0a92ee32f8d2420":0.04097079873413671,
            "pf37dc76323f6c28a":0.0881947775327588
        }
    }
}