{
    "alzheimer":{
        "array":[
            0.008109838309489886,
            0.03763197714713037,
            0.013671220764047505,
            0.0,
            0.005915096411137574,
            0.0,
            0.0,
            0.0,
            0.026266322619376743,
            0.019731956421830364,
            0.018700417941067797,
            0.016682263215415626,
            0.055842837686309585,
            0.05817310121422538,
            0.0675765830397404,
            0.010047891921807878,
            0.029012794716531187,
            0.027332456546522478,
            0.010861628303577483,
            0.06132125964992247,
            0.02471035412400409,
            0.0,
            0.07990253984594836,
            0.04932535213075731,
            0.02116803727068437,
            0.02463301115407908,
            0.0,
            0.03697139391335788,
            0.005222275078078778,
            0.011120820253772012,
            0.04329055821425555,
            0.0,
            0.003197133060993705
        ],
        "labels":{
            "p03357fdbc3285a1f":0.013671220764047505,
            "p0a9650062ef6b287":0.0,
            "p0bf3d570e5f3350d":0.0,
            "p0efa1235d81453d8":0.008109838309489886,
            "p225cc835ad930b3b":0.003197133060993705,
            "p25066a75ce048c92":0.04932535213075731,
            "p25728be31519b600":0.02463301115407908,
            "p2727b2bd4fb6ef6b":0.026266322619376743,
            "p36921b93f40c4161":0.07990253984594836,
            "p3adb19dfff6f7898":0.029012794716531187,
            "p44489f4856976977":0.010861628303577483,
            "p48552e3cf5a7d428":0.06132125964992247,
            "p4c71bbe7d05a72ef":0.0,
            "p5c9433861db6048e":0.018700417941067797,
            "p66b5b5e2afa23902":0.027332456546522478,
            "p76d4e9088134dc50":0.02471035412400409,
            "p7aadcd192c6b13f2":0.0,
            "p8d944f8de99287e1":0.03763197714713037,
            "pa9238aa0a5f56f7f":0.0,
            "padc524ddda484d04":0.016682263215415626,
            "pbf5741583ce566a5":0.005222275078078778,
            "pc00b3c65b5287be0":0.0,
            "pc02d5774cf74a770":0.04329055821425555,
            "pc2abdb0ee2a8c5e8":0.05817310121422538,
            "pcb9c19017550a5b0":0.0,
            "pcba779ac0ec2c700":0.005915096411137574,
            "pd28c36a66168d75d":0.02116803727068437,
            "pd3d518b425c63c44":0.011120820253772012,
            "pd95669bdd96047e4":0.0675765830397404,
            "pd9e19bca2600b2b3":0.055842837686309585,
            "pe79b3fc6b2f4c642":0.010047891921807878,
            "pf0a92ee32f8d2420":0.03697139391335788,
            "pf37dc76323f6c28a":0.019731956421830364
        }
    }
}